doc_id,has_novelty,has_inventiveness,n_claims_novelty,n_claims_inventiveness,has_structured,raw_bases
kr_1019970082313,0,1,0,1,1,§2×1
kr_1019980061060,0,1,0,1,1,§2×1
kr_1020040038467,0,0,0,0,0,
kr_1020040054512,0,0,0,0,0,
kr_1020040056909,0,1,0,1,1,§2×1
kr_1020040110593,0,0,0,0,0,
kr_1020040114205,0,0,0,0,0,
kr_1020040118271,0,0,0,0,0,
kr_1020050108101,0,0,0,0,0,
kr_1020060027807,0,0,0,0,0,
kr_1020060038703,0,0,0,0,0,
kr_1020060077995,0,0,0,0,0,
kr_1020060085753,0,0,0,0,0,
kr_1020060085877,0,0,0,0,0,
kr_1020060096447,0,0,0,0,0,
kr_1020060096478,0,0,0,0,0,
kr_1020060106778,0,0,0,0,0,
kr_1020060118458,0,1,0,2,1,§2×2
kr_1020060120920,0,1,0,2,1,§2×2
kr_1020060121430,0,0,0,0,1,
kr_1020060132016,0,0,0,0,0,
kr_1020060136836,0,0,0,0,0,
kr_1020070017918,0,0,0,0,0,
kr_1020070027189,0,0,0,0,0,
kr_1020070045015,0,0,0,0,0,
kr_1020070045018,0,0,0,0,0,
kr_1020070052593,0,0,0,0,0,
kr_1020070060529,0,0,0,0,0,
kr_1020070060573,0,0,0,0,0,
kr_1020070061231,0,0,0,0,0,
kr_1020070062550,0,0,0,0,1,
kr_1020070064330,0,1,0,2,1,§2×2
kr_1020070065442,0,0,0,0,0,
kr_1020070066622,0,0,0,0,0,
kr_1020070070962,0,0,0,0,0,
kr_1020070073856,0,0,0,0,0,
kr_1020070074789,0,0,0,0,0,
kr_1020070077510,0,0,0,0,1,
kr_1020070077633,0,0,0,0,0,
kr_1020070077652,0,0,0,0,0,
kr_1020070079001,0,0,0,0,0,
kr_1020070081633,0,0,0,0,0,
kr_1020070083414,0,0,0,0,0,
kr_1020070097272,0,0,0,0,0,
kr_1020070101416,0,0,0,0,0,
kr_1020070107981,0,0,0,0,0,
kr_1020070109117,0,0,0,0,0,
kr_1020070110667,0,0,0,0,0,
kr_1020070110733,0,0,0,0,0,
kr_1020070110833,0,0,0,0,0,
kr_1020070111157,0,0,0,0,0,
kr_1020070112958,0,0,0,0,0,
kr_1020070119658,0,0,0,0,0,
kr_1020070119813,0,0,0,0,0,
kr_1020070120745,0,0,0,0,0,
kr_1020070120889,0,0,0,0,0,
kr_1020070122636,0,0,0,0,0,
kr_1020070126747,0,0,0,0,0,
kr_1020070132134,0,0,0,0,0,
kr_1020070134305,0,0,0,0,0,
kr_1020070135864,0,0,0,0,0,
kr_1020070135871,0,0,0,0,0,
kr_1020070136090,0,1,0,2,1,§2×2
kr_1020070137551,0,0,0,0,0,
kr_1020070138573,0,0,0,0,0,
kr_1020070138818,1,1,2,2,1,§1×2|§2×2
kr_1020070139169,0,0,0,0,0,
kr_1020077006288,0,0,0,0,0,
kr_1020077023871,0,0,0,0,0,
kr_1020077024878,0,0,0,0,0,
kr_1020077026968,0,0,0,0,0,
kr_1020077028622,0,0,0,0,0,
kr_1020080003152,0,0,0,0,0,
kr_1020080003879,0,0,0,0,0,
kr_1020080003975,0,0,0,0,0,
kr_1020080011204,0,0,0,0,0,
kr_1020080017256,0,0,0,0,0,
kr_1020080017301,0,0,0,0,0,
kr_1020080017693,0,0,0,0,0,
kr_1020080020588,0,0,0,0,0,
kr_1020080020589,0,0,0,0,0,
kr_1020080020701,0,0,0,0,0,
kr_1020080021592,0,0,0,0,0,
kr_1020080023547,0,0,0,0,0,
kr_1020080023972,0,0,0,0,0,
kr_1020080024348,0,0,0,0,0,
kr_1020080024617,0,0,0,0,0,
kr_1020080025439,0,0,0,0,0,
kr_1020080027789,0,0,0,0,0,
kr_1020080028235,0,0,0,0,0,
kr_1020080028321,0,0,0,0,0,
kr_1020080028866,0,0,0,0,0,
kr_1020080029590,0,0,0,0,1,
kr_1020080030254,0,0,0,0,0,
kr_1020080031159,0,0,0,0,0,
kr_1020080031804,0,0,0,0,0,
kr_1020080033916,0,0,0,0,0,
kr_1020080038366,0,0,0,0,0,
kr_1020080040909,0,0,0,0,0,
kr_1020080040940,0,0,0,0,1,
kr_1020080048613,0,0,0,0,0,
kr_1020080049690,0,0,0,0,1,
kr_1020080050188,0,0,0,0,0,
kr_1020080050862,0,0,0,0,0,
kr_1020080052888,0,0,0,0,0,
kr_1020080055333,0,0,0,0,0,
kr_1020080057021,0,0,0,0,0,
kr_1020080062219,0,0,0,0,0,
kr_1020080064782,0,0,0,0,0,
kr_1020080066151,0,0,0,0,0,
kr_1020080066912,0,0,0,0,0,
kr_1020080071369,0,0,0,0,0,
kr_1020080072806,0,0,0,0,0,
kr_1020080075740,0,0,0,0,1,
kr_1020080075746,0,0,0,0,0,
kr_1020080075923,0,0,0,0,0,
kr_1020080076052,0,0,0,0,0,
kr_1020080077769,0,0,0,0,0,
kr_1020080078101,0,0,0,0,0,
kr_1020080078406,0,0,0,0,0,
kr_1020080084451,0,0,0,0,0,
kr_1020080091526,0,0,0,0,0,
kr_1020080091979,0,0,0,0,0,
kr_1020080091984,0,0,0,0,0,
kr_1020080092696,0,0,0,0,0,
kr_1020080093453,0,0,0,0,0,
kr_1020080102436,0,0,0,0,0,
kr_1020080109237,0,0,0,0,0,
kr_1020080109284,0,0,0,0,0,
kr_1020080109754,0,0,0,0,0,
kr_1020080109757,0,0,0,0,0,
kr_1020080110954,0,0,0,0,0,
kr_1020080111255,0,0,0,0,0,
kr_1020080111270,0,0,0,0,1,
kr_1020080112007,0,0,0,0,0,
kr_1020080126999,0,0,0,0,0,
kr_1020080129942,0,0,0,0,0,
kr_1020080133109,0,0,0,0,0,
kr_1020080133137,0,0,0,0,0,
kr_1020080134269,0,0,0,0,0,
kr_1020080134531,0,0,0,0,0,
kr_1020080134761,0,0,0,0,0,
kr_1020080137964,0,0,0,0,0,
kr_1020080138567,0,0,0,0,0,
kr_1020087002152,0,0,0,0,0,
kr_1020087009666,0,0,0,0,0,
kr_1020087010493,0,0,0,0,0,
kr_1020087013367,0,0,0,0,0,
kr_1020087029146,0,0,0,0,0,
kr_1020090000944,0,0,0,0,0,
kr_1020090005062,0,0,0,0,0,
kr_1020090005381,0,0,0,0,0,
kr_1020090005638,0,0,0,0,0,
kr_1020090005817,0,0,0,0,0,
kr_1020090008804,0,0,0,0,0,
kr_1020090012467,0,0,0,0,0,
kr_1020090015710,0,0,0,0,1,
kr_1020090025243,0,0,0,0,0,
kr_1020090026860,0,1,0,2,1,§2×2
kr_1020090027352,0,0,0,0,0,
kr_1020090028219,0,0,0,0,0,
kr_1020090030003,0,0,0,0,0,
kr_1020090030006,0,0,0,0,0,
kr_1020090031897,0,0,0,0,0,
kr_1020090035063,1,1,1,1,1,§1×1|§2×1
kr_1020090041213,0,0,0,0,0,
kr_1020090041249,0,0,0,0,0,
kr_1020090045491,0,0,0,0,0,
kr_1020090047329,0,0,0,0,0,
kr_1020090051980,0,0,0,0,1,
kr_1020090055948,0,1,0,2,1,§2×2|§3×1
kr_1020090057673,0,0,0,0,0,
kr_1020090059159,0,0,0,0,0,
kr_1020090059161,0,0,0,0,0,
kr_1020090059164,0,0,0,0,0,
kr_1020090067518,0,1,0,2,1,§2×2
kr_1020090080425,0,0,0,0,0,
kr_1020090089522,0,0,0,0,0,
kr_1020090093614,0,0,0,0,0,
kr_1020090101591,0,0,0,0,0,
kr_1020090110594,0,0,0,0,0,
kr_1020090126150,0,0,0,0,1,
kr_1020090134121,0,0,0,0,0,
kr_1020097015911,0,0,0,0,0,
kr_1020097022840,0,0,0,0,1,
kr_1020100002908,0,0,0,0,0,
kr_1020100005621,0,0,0,0,0,
kr_1020100013724,0,0,0,0,0,
kr_1020100014182,0,0,0,0,0,
kr_1020100014987,0,0,0,0,0,
kr_1020100019729,0,0,0,0,0,
kr_1020100024200,1,1,2,2,1,§1×2|§2×2
kr_1020100024497,0,0,0,0,0,
kr_1020100025878,0,0,0,0,0,
kr_1020100028136,0,0,0,0,0,
kr_1020100035424,0,0,0,0,0,
kr_1020100039538,0,1,0,3,1,§2×3
kr_1020100040171,0,0,0,0,0,
kr_1020100050403,0,0,0,0,0,
kr_1020100051963,0,1,0,2,1,§2×2
kr_1020100054799,0,0,0,0,0,
kr_1020100055663,0,0,0,0,0,
kr_1020100060569,0,0,0,0,0,
kr_1020100063539,0,1,0,4,1,§2×4
kr_1020100065513,0,0,0,0,0,
kr_1020100067528,0,0,0,0,0,
kr_1020100068373,0,0,0,0,0,
kr_1020100068586,0,0,0,0,0,
kr_1020100070217,0,1,0,2,1,§2×2
kr_1020100071383,0,1,0,2,1,§2×2
kr_1020100071611,0,1,0,2,1,§2×2
kr_1020100073919,0,0,0,0,0,
kr_1020100074585,0,1,0,2,1,§2×2
kr_1020100077472,0,0,0,0,0,
kr_1020100078475,0,0,0,0,0,
kr_1020100078538,0,0,0,0,0,
kr_1020100085600,0,0,0,0,1,
kr_1020100085860,0,1,0,2,1,§2×2
kr_1020100086427,0,0,0,0,0,
kr_1020100089752,0,0,0,0,0,
kr_1020100092578,0,0,0,0,1,
kr_1020100095959,0,1,0,2,1,§2×2
kr_1020100096071,0,1,0,4,1,§2×4
kr_1020100119146,0,1,0,2,1,§2×2
kr_1020100121230,0,1,0,3,1,§2×3
kr_1020100122005,0,0,0,0,0,
kr_1020100122773,0,1,0,2,1,§2×2
kr_1020100127612,0,0,0,0,0,
kr_1020100138858,0,0,0,0,0,
kr_1020100140459,0,0,0,0,0,
kr_1020107004621,0,0,0,0,0,
kr_1020107007413,0,0,0,0,0,
kr_1020107013589,0,0,0,0,0,
kr_1020107016420,0,1,0,2,1,§2×2
kr_1020107019157,0,0,0,0,0,
kr_1020110001766,0,0,0,0,0,
kr_1020110002407,0,1,0,6,1,§2×6
kr_1020110004456,0,1,0,2,1,§2×2
kr_1020110006803,0,0,0,0,0,
kr_1020110006908,0,0,0,0,0,
kr_1020110007020,0,1,0,2,1,§2×2
kr_1020110007039,0,1,0,2,1,§2×2
kr_1020110007083,0,1,0,2,1,§2×2
kr_1020110009078,0,0,0,0,0,
kr_1020110016657,0,0,0,0,0,
kr_1020110018138,0,0,0,0,0,
kr_1020110018851,0,0,0,0,0,
kr_1020110021034,0,0,0,0,0,
kr_1020110023743,0,0,0,0,0,
kr_1020110023749,0,0,0,0,0,
kr_1020110029674,0,1,0,2,1,§2×2
kr_1020110038994,0,1,0,3,1,§2×3
kr_1020110044042,0,0,0,0,0,
kr_1020110044147,0,0,0,0,0,
kr_1020110044770,0,0,0,0,1,
kr_1020110047964,0,0,0,0,0,
kr_1020110049020,0,0,0,0,1,
kr_1020110054423,0,1,0,2,1,§2×2
kr_1020110054559,0,1,0,3,1,§2×3
kr_1020110057210,0,1,0,3,1,§2×3
kr_1020110062839,0,0,0,0,0,
kr_1020110070880,0,0,0,0,1,
kr_1020110071325,0,0,0,0,0,
kr_1020110075573,0,0,0,0,0,
kr_1020110076992,0,0,0,0,0,
kr_1020110077018,0,0,0,0,0,
kr_1020110079726,0,0,0,0,0,
kr_1020110081841,0,0,0,0,0,
kr_1020110083840,0,1,0,2,1,§2×2
kr_1020110084338,0,0,0,0,0,
kr_1020110084418,0,0,0,0,0,
kr_1020110086493,0,0,0,0,0,
kr_1020110087105,0,0,0,0,0,
kr_1020110088261,0,1,0,4,1,§2×4
kr_1020110091273,0,0,0,0,0,
kr_1020110092999,0,0,0,0,0,
kr_1020110096810,0,0,0,0,1,
kr_1020110104667,0,1,0,2,1,§2×2
kr_1020110105419,0,0,0,0,0,
kr_1020110109666,0,0,0,0,1,
kr_1020110120353,0,1,0,2,1,§2×2
kr_1020110123062,0,1,0,3,1,§2×3
kr_1020110132862,0,0,0,0,0,
kr_1020110142217,0,0,0,0,0,
kr_1020110143454,0,0,0,0,0,
kr_1020117000341,0,0,0,0,0,
kr_1020117004972,0,0,0,0,0,
kr_1020117007472,0,0,0,0,0,
kr_1020117011351,0,0,0,0,0,
kr_1020117011375,0,0,0,0,0,
kr_1020117015433,0,1,0,3,1,§2×3
kr_1020117016840,0,0,0,0,1,
kr_1020117019031,0,0,0,0,0,
kr_1020117023560,0,1,0,2,1,§2×2
kr_1020117025708,0,0,0,0,0,
kr_1020120008297,0,0,0,0,0,
kr_1020120012880,0,1,0,2,1,§2×2
kr_1020120016849,0,0,0,0,0,
kr_1020120021214,0,0,0,0,0,
kr_1020120023599,0,0,0,0,0,
kr_1020120039915,0,0,0,0,0,
kr_1020120041773,0,0,0,0,0,
kr_1020120042158,0,1,0,2,1,§2×2
kr_1020120042473,0,0,0,0,0,
kr_1020120050366,0,0,0,0,0,
kr_1020120050375,0,0,0,0,0,
kr_1020120053124,0,1,0,2,1,§2×2
kr_1020120054325,0,1,0,3,1,§2×3
kr_1020120056605,0,0,0,0,0,
kr_1020120057330,0,0,0,0,1,
kr_1020120071127,0,0,0,0,0,
kr_1020120078118,0,1,0,3,1,§2×3
kr_1020120079541,0,0,0,0,0,
kr_1020120089680,0,1,0,2,1,§2×2
kr_1020120091815,0,1,0,4,1,§2×4
kr_1020120093825,0,1,0,6,1,§2×6
kr_1020120095225,0,1,0,6,1,§2×6
kr_1020120095541,0,0,0,0,0,
kr_1020120095927,0,1,0,2,1,§2×2
kr_1020120111603,0,0,0,0,0,
kr_1020120130403,0,1,0,2,1,§2×2
kr_1020120139831,0,1,0,3,1,§2×3
kr_1020120146386,0,0,0,0,0,
kr_1020120148667,0,0,0,0,0,
kr_1020120151681,1,1,2,2,1,§1×2|§2×2
kr_1020120152163,0,0,0,0,0,
kr_1020120157414,0,1,0,2,1,§2×2
kr_1020120157415,0,1,0,2,1,§2×2
kr_1020127008081,0,0,0,0,0,
kr_1020127008955,0,1,0,2,1,§2×2
kr_1020127009299,0,0,0,0,0,
kr_1020127009380,0,1,0,2,1,§2×2
kr_1020127009592,0,1,0,3,1,§2×3
kr_1020127011502,0,1,0,3,1,§2×3
kr_1020127014740,0,1,0,2,1,§2×2
kr_1020127014971,0,1,0,2,1,§2×2
kr_1020127016689,0,0,0,0,0,
kr_1020127019678,1,1,1,4,1,§2×4|§1×1
kr_1020127020228,0,0,0,0,0,
kr_1020127020842,0,1,0,2,1,§2×2
kr_1020127022208,0,0,0,0,0,
kr_1020127024182,0,1,0,2,1,§2×2
kr_1020127024854,0,0,0,0,0,
kr_1020127027345,0,0,0,0,0,
kr_1020127030180,0,1,0,3,1,§2×3
kr_1020130002569,0,0,0,0,0,
kr_1020130007284,0,1,0,4,1,§2×4
kr_1020130012026,0,1,0,2,1,§2×2
kr_1020130032248,0,0,0,0,0,
kr_1020130033058,0,0,0,0,0,
kr_1020130035446,0,0,0,0,0,
kr_1020130041070,0,1,0,5,1,§2×5
kr_1020130060541,0,0,0,0,0,
kr_1020130064700,0,1,0,6,1,§2×6
kr_1020130079498,0,0,0,0,0,
kr_1020130090620,0,1,0,4,1,§2×4
kr_1020130091917,0,0,0,0,0,
kr_1020130091970,0,0,0,0,1,
kr_1020130097456,0,0,0,0,0,
kr_1020130113863,0,0,0,0,0,
kr_1020130131028,0,0,0,0,0,
kr_1020130142563,0,1,0,2,1,§2×2
kr_1020130157028,0,0,0,0,0,
kr_1020130158174,0,1,0,3,1,§2×3
kr_1020130162314,0,1,0,3,1,§2×3
kr_1020137001793,0,1,0,2,1,§2×2
kr_1020137003171,0,0,0,0,0,
kr_1020137006043,0,1,0,3,1,§2×3
kr_1020137006789,0,0,0,0,0,
kr_1020137007216,0,0,0,0,0,
kr_1020137007676,0,1,0,2,1,§2×2
kr_1020137007759,0,0,0,0,0,
kr_1020137008122,0,0,0,0,0,
kr_1020137008124,0,1,0,3,1,§2×3
kr_1020137008425,0,1,0,3,1,§2×3
kr_1020137008784,0,1,0,3,1,§2×3
kr_1020137011769,0,0,0,0,0,
kr_1020137015643,0,1,0,2,1,§2×2
kr_1020137015867,0,0,0,0,0,
kr_1020137016522,0,1,0,3,1,§2×3
kr_1020137019144,0,0,0,0,0,
kr_1020137020128,0,0,0,0,0,
kr_1020137022174,0,0,0,0,0,
kr_1020137027103,0,0,0,0,0,
kr_1020137027828,0,1,0,2,1,§2×2
kr_1020137028184,0,1,0,3,1,§2×3
kr_1020137033903,0,1,0,2,1,§2×2
kr_1020137035127,0,0,0,0,0,
kr_1020140000858,0,1,0,4,1,§2×4
kr_1020140000891,0,1,0,2,1,§2×2
kr_1020140009165,0,0,0,0,0,
kr_1020140011201,0,1,0,3,1,§2×3
kr_1020140024106,0,0,0,0,0,
kr_1020140034220,0,0,0,0,1,
kr_1020140037880,0,0,0,0,1,
kr_1020140041628,0,1,0,2,1,§2×2
kr_1020140047673,0,1,0,2,1,§2×2
kr_1020140047932,0,1,0,3,1,§2×3
kr_1020140059539,0,1,0,2,1,§2×2
kr_1020140070032,0,1,0,3,1,§2×3
kr_1020140070658,0,1,0,5,1,§2×5
kr_1020140077241,0,0,0,0,0,
kr_1020140077930,0,1,0,2,1,§2×2
kr_1020140083150,0,0,0,0,1,
kr_1020140091132,0,1,0,3,1,§2×3
kr_1020140096727,0,1,0,2,1,§2×2
kr_1020140110888,0,1,0,3,1,§2×3
kr_1020140113447,0,0,0,0,0,
kr_1020140116106,1,1,2,2,1,§1×2|§2×2
kr_1020140128422,0,1,0,2,1,§2×2
kr_1020140129295,0,1,0,3,1,§2×3
kr_1020140132455,0,0,0,0,0,
kr_1020140132683,0,1,0,4,1,§2×4
kr_1020140145151,0,0,0,0,0,
kr_1020140145438,0,1,0,4,1,§2×4
kr_1020140145461,0,1,0,2,1,§2×2
kr_1020140148676,0,0,0,0,0,
kr_1020140148694,0,0,0,0,0,
kr_1020140150219,0,0,0,0,0,
kr_1020140151488,0,1,0,3,1,§2×3
kr_1020140170450,0,1,0,2,1,§2×2
kr_1020140193744,0,1,0,2,1,§2×2
kr_1020147006096,0,1,0,3,1,§2×3
kr_1020147006450,0,0,0,0,1,
kr_1020147006805,1,1,4,4,1,§1×4|§2×4
kr_1020147008640,0,1,0,4,1,§2×4
kr_1020147012232,0,1,0,3,1,§2×3
kr_1020147012459,0,0,0,0,1,
kr_1020147021919,0,0,0,0,0,
kr_1020147026103,0,0,0,0,1,
kr_1020147026472,0,0,0,0,0,
kr_1020147029165,0,0,0,0,0,
kr_1020147030819,0,0,0,0,0,
kr_1020147032494,0,0,0,0,0,
kr_1020147035936,0,0,0,0,0,
kr_1020150004211,0,0,0,0,0,
kr_1020150006320,0,1,0,2,1,§2×2
kr_1020150023151,0,0,0,0,0,
kr_1020150025953,0,1,0,4,1,§2×4
kr_1020150025968,0,1,0,3,1,§2×3
kr_1020150035731,0,1,0,2,1,§2×2
kr_1020150038368,0,1,0,2,1,§2×2
kr_1020150045512,0,1,0,2,1,§2×2
kr_1020150050239,0,0,0,0,0,
kr_1020150050504,0,1,0,3,1,§2×3
kr_1020150053293,0,0,0,0,0,
kr_1020150053348,0,0,0,0,0,
kr_1020150053885,0,0,0,0,1,
kr_1020150067857,0,0,0,0,0,
kr_1020150068311,0,0,0,0,0,
kr_1020150072028,0,0,0,0,0,
kr_1020150088906,0,1,0,3,1,§2×3
kr_1020150090443,0,1,0,2,1,§2×2
kr_1020150100396,0,1,0,2,1,§2×2
kr_1020150106257,0,0,0,0,0,
kr_1020150109469,0,1,0,2,1,§2×2
kr_1020150112871,0,1,0,2,1,§2×2
kr_1020150113143,0,1,0,2,1,§2×2
kr_1020150113607,0,1,0,2,1,§2×2
kr_1020150113790,0,1,0,2,1,§2×2
kr_1020150127426,0,1,0,4,1,§2×4
kr_1020150127674,0,1,0,6,1,§2×6
kr_1020150139161,0,0,0,0,0,
kr_1020150155906,0,1,0,2,1,§2×2
kr_1020150156906,0,0,0,0,0,
kr_1020150177194,0,0,0,0,1,
kr_1020150177990,0,1,0,2,1,§2×2
kr_1020150178012,0,0,0,0,0,
kr_1020150182551,0,0,0,0,0,
kr_1020150182552,0,0,0,0,0,
kr_1020150191605,0,0,0,0,0,
kr_1020150191628,0,0,0,0,0,
kr_1020150191707,0,1,0,2,1,§2×2
kr_1020157000390,0,1,0,2,1,§2×2
kr_1020157000676,0,0,0,0,0,
kr_1020157001020,0,1,0,2,1,§2×2
kr_1020157002120,0,1,0,2,1,§2×2
kr_1020157002549,0,1,0,4,1,§2×4
kr_1020157009425,0,0,0,0,0,
kr_1020157009912,0,1,0,2,1,§2×2
kr_1020157011008,0,0,0,0,0,
kr_1020157012512,0,0,0,0,0,
kr_1020157012833,0,0,0,0,1,
kr_1020157014563,0,0,0,0,0,
kr_1020157015571,0,0,0,0,0,
kr_1020157017262,0,1,0,2,1,§2×2
kr_1020157018025,0,1,0,2,1,§2×2
kr_1020157019033,0,1,0,2,1,§2×2
kr_1020157019622,0,1,0,4,1,§2×4
kr_1020157020425,0,1,0,3,1,§2×3
kr_1020157021305,0,1,0,3,1,§2×3
kr_1020157022334,0,0,0,0,0,
kr_1020157022581,0,1,0,3,1,§2×3
kr_1020157023069,0,1,0,2,1,§2×2
kr_1020157027504,0,0,0,0,0,
kr_1020157028308,0,0,0,0,0,
kr_1020157030260,0,1,0,5,1,§2×5
kr_1020157030280,0,1,0,2,1,§2×2
kr_1020157031052,0,0,0,0,0,
kr_1020157033176,0,0,0,0,0,
kr_1020157034213,0,1,0,2,1,§2×2
kr_1020157036551,0,1,0,3,1,§2×3
kr_1020160001562,0,1,0,2,1,§2×2
kr_1020160002833,0,1,0,2,1,§2×2
kr_1020160014323,0,1,0,2,1,§2×2
kr_1020160016943,0,0,0,0,0,
kr_1020160018600,0,1,0,5,1,§2×5
kr_1020160021115,0,1,0,2,1,§2×2
kr_1020160021465,0,1,0,4,1,§2×4
kr_1020160023422,0,1,0,3,1,§2×3
kr_1020160023581,0,1,0,3,1,§2×3
kr_1020160039194,0,1,0,2,1,§2×2
kr_1020160043139,0,0,0,0,0,
kr_1020160044945,0,0,0,0,0,
kr_1020160044953,0,0,0,0,0,
kr_1020160047857,0,1,0,2,1,§2×2
kr_1020160048552,0,1,0,7,1,§2×7
kr_1020160061291,0,1,0,3,1,§2×3
kr_1020160062171,0,1,0,2,1,§2×2
kr_1020160063657,0,1,0,2,1,§2×2
kr_1020160064524,0,0,0,0,0,
kr_1020160065675,0,1,0,3,1,§2×3
kr_1020160067787,0,1,0,3,1,§2×3
kr_1020160080686,0,1,0,3,1,§2×3
kr_1020160081563,0,0,0,0,0,
kr_1020160093314,0,1,0,2,1,§2×2
kr_1020160107996,0,1,0,2,1,§2×2
kr_1020160109880,0,1,0,2,1,§2×2
kr_1020160110568,0,0,0,0,0,
kr_1020160123029,0,1,0,5,1,§2×5
kr_1020160135438,0,1,0,2,1,§2×2
kr_1020160155007,0,1,0,2,1,§2×2
kr_1020160155008,0,1,0,2,1,§2×2
kr_1020160164092,0,1,0,3,1,§2×3
kr_1020160168658,0,1,0,2,1,§2×2
kr_1020160169222,0,0,0,0,0,
kr_1020160170081,0,1,0,3,1,§2×3
kr_1020160177741,0,1,0,3,1,§2×3
kr_1020167002643,0,1,0,2,1,§2×2
kr_1020167004103,0,0,0,0,0,
kr_1020167008560,0,1,0,3,1,§2×3
kr_1020167008650,0,1,0,4,1,§2×4
kr_1020167008777,0,0,0,0,0,
kr_1020167009240,0,1,0,7,1,§2×7
kr_1020167009441,0,0,0,0,0,
kr_1020167013593,0,1,0,2,1,§2×2
kr_1020167015205,0,0,0,0,0,
kr_1020167023996,0,0,0,0,0,
kr_1020167024110,0,1,0,3,1,§2×3
kr_1020167024969,0,1,0,2,1,§2×2
kr_1020167028245,0,0,0,0,0,
kr_1020167028791,0,0,0,0,0,
kr_1020167029751,0,1,0,3,1,§2×3
kr_1020167030248,0,1,0,2,1,§2×2
kr_1020167030766,0,0,0,0,0,
kr_1020167031485,0,0,0,0,0,
kr_1020167034015,0,1,0,4,1,§2×4
kr_1020170001130,0,1,0,2,1,§2×2
kr_1020170018545,0,0,0,0,0,
kr_1020170023872,0,1,0,3,1,§2×3
kr_1020170025705,0,0,0,0,0,
kr_1020170027361,0,1,0,2,1,§2×2
kr_1020170030238,0,1,0,2,1,§2×2
kr_1020170030500,0,1,0,2,1,§2×2
kr_1020170032419,0,1,0,3,1,§2×3
kr_1020170039367,0,1,0,2,1,§2×2
kr_1020170044970,0,1,0,2,1,§2×2
kr_1020170073407,0,1,0,4,1,§2×4
kr_1020170078569,0,1,0,3,1,§2×3
kr_1020170097000,0,1,0,3,1,§2×3
kr_1020170111377,0,1,0,4,1,§2×4
kr_1020170117430,0,1,0,4,1,§2×4
kr_1020170122294,0,0,0,0,0,
kr_1020170124139,0,1,0,3,1,§2×3
kr_1020170125282,0,0,0,0,0,
kr_1020170128000,0,1,0,3,1,§2×3
kr_1020170128111,0,1,0,5,1,§2×5
kr_1020170131041,0,1,0,5,1,§2×5
kr_1020170135831,0,0,0,0,0,
kr_1020170135856,0,1,0,7,1,§2×7
kr_1020170138476,0,0,0,0,0,
kr_1020170139992,0,1,0,3,1,§2×3
kr_1020170144933,0,1,0,3,1,§2×3
kr_1020170147532,0,1,0,2,1,§2×2
kr_1020170148163,0,0,0,0,0,
kr_1020170161185,0,1,0,3,1,§2×3
kr_1020170165267,0,1,0,2,1,§2×2
kr_1020170177506,0,1,0,2,1,§2×2
kr_1020170185087,0,1,0,3,1,§2×3
kr_1020177000412,0,0,0,0,0,
kr_1020177003562,0,1,0,2,1,§2×2
kr_1020177006719,0,1,0,3,1,§2×3
kr_1020177007784,0,0,0,0,0,
kr_1020177016247,0,0,0,0,0,
kr_1020177016790,0,1,0,2,1,§2×2
kr_1020177017122,0,0,0,0,0,
kr_1020177017566,0,1,0,3,1,§2×3
kr_1020177017623,0,0,0,0,0,
kr_1020177018680,0,1,0,3,1,§2×3
kr_1020177019306,0,1,0,3,1,§2×3
kr_1020177019771,0,1,0,3,1,§2×3
kr_1020177021512,0,0,0,0,0,
kr_1020177021541,0,1,0,2,1,§2×2
kr_1020177021641,0,0,0,0,0,
kr_1020177024162,0,1,0,2,1,§2×2
kr_1020177026182,0,1,0,3,1,§2×3
kr_1020177031482,0,0,0,0,0,
kr_1020177033163,0,0,0,0,0,
kr_1020177035199,0,0,0,0,0,
kr_1020177035841,0,0,0,0,0,
kr_1020177036496,0,1,0,4,1,§2×4
kr_1020180006266,0,1,0,4,1,§2×4
kr_1020180007331,0,0,0,0,0,
kr_1020180015102,0,0,0,0,0,
kr_1020180026799,0,1,0,2,1,§2×2
kr_1020180035106,0,1,0,3,1,§2×3
kr_1020180042500,0,0,0,0,1,
kr_1020180106150,0,1,0,2,1,§2×2
kr_1020180109051,0,0,0,0,0,
kr_1020180111575,0,1,0,2,1,§2×2
kr_1020180114808,0,1,0,2,1,§2×2
kr_1020180126580,0,1,0,5,1,§2×5
kr_1020180134899,0,0,0,0,0,
kr_1020180135522,0,0,0,0,0,
kr_1020180139140,0,1,0,2,1,§2×2
kr_1020180143287,0,1,0,2,1,§2×2
kr_1020180145243,0,1,0,3,1,§2×3
kr_1020187002535,0,0,0,0,0,
kr_1020187006718,0,1,0,3,1,§2×3
kr_1020187007154,0,0,0,0,0,
kr_1020187010642,0,1,0,2,1,§2×2
kr_1020187013141,0,1,0,2,1,§2×2
kr_1020187015558,0,0,0,0,1,
kr_1020187020399,0,1,0,2,1,§2×2
kr_1020187025452,0,0,0,0,0,
kr_1020187026682,0,1,0,2,1,§2×2
kr_1020187026966,0,1,0,2,1,§2×2
kr_1020187028562,0,0,0,0,0,
kr_1020187028718,0,0,0,0,0,
kr_1020187031288,0,1,0,3,1,§2×3
kr_1020187031762,0,1,0,3,1,§2×3
kr_1020187032197,0,1,0,3,1,§2×3
kr_1020187036818,0,1,0,4,1,§2×4
kr_1020187037164,0,0,0,0,0,
kr_1020190015354,0,0,0,0,0,
kr_1020190017299,0,1,0,3,1,§2×3
kr_1020190028036,0,1,0,2,1,§2×2
kr_1020190033300,0,1,0,3,1,§2×3
kr_1020190036965,0,0,0,0,0,
kr_1020190049135,0,1,0,2,1,§2×2
kr_1020190053829,0,0,0,0,0,
kr_1020190060206,0,1,0,4,1,§2×4
kr_1020190082187,0,0,0,0,0,
kr_1020190086926,0,0,0,0,0,
kr_1020190086927,0,0,0,0,0,
kr_1020190091628,0,1,0,2,1,§2×2
kr_1020190092298,1,1,3,3,1,§1×3|§2×3
kr_1020190096885,0,0,0,0,0,
kr_1020190097969,0,0,0,0,0,
kr_1020190102197,0,1,0,2,1,§2×2
kr_1020190106112,0,1,0,3,1,§2×3
kr_1020190108609,0,1,0,2,1,§2×2
kr_1020190109548,0,0,0,0,0,
kr_1020190133932,0,0,0,0,0,
kr_1020190143667,0,1,0,2,1,§2×2
kr_1020190143800,0,1,0,2,1,§2×2
kr_1020190143801,0,0,0,0,0,
kr_1020190178250,0,1,0,3,1,§2×3
kr_1020197000593,0,1,0,2,1,§2×2
kr_1020197004052,0,1,0,3,1,§2×3
kr_1020197004477,0,1,0,3,1,§2×3
kr_1020197004927,0,0,0,0,0,
kr_1020197006238,0,0,0,0,0,
kr_1020197007290,0,1,0,3,1,§2×3
kr_1020197007680,0,1,0,3,1,§2×3
kr_1020197010201,0,1,0,3,1,§2×3
kr_1020197010320,0,1,0,4,1,§2×4
kr_1020197012646,0,0,0,0,0,
kr_1020197013085,0,0,0,0,0,
kr_1020197014604,0,1,0,2,1,§2×2
kr_1020197015627,0,1,0,3,1,§2×3
kr_1020197017330,0,1,0,3,1,§2×3
kr_1020197020856,0,0,0,0,0,
kr_1020197023368,0,1,0,2,1,§2×2
kr_1020197024788,0,0,0,0,0,
kr_1020197027544,0,0,0,0,0,
kr_1020197030493,0,0,0,0,0,
kr_1020197030649,0,1,0,3,1,§2×3
kr_1020197034040,0,1,0,3,1,§2×3
kr_1020200005488,0,0,0,0,0,
kr_1020200007663,0,1,0,2,1,§2×2
kr_1020200012979,0,1,0,2,1,§2×2
kr_1020200013638,0,1,0,3,1,§2×3
kr_1020200020419,0,1,0,2,1,§2×2
kr_1020200020891,0,1,0,5,1,§2×5
kr_1020200023835,0,1,0,4,1,§2×4
kr_1020200028585,0,1,0,4,1,§2×4
kr_1020200033611,0,0,0,0,0,
kr_1020200033612,0,0,0,0,0,
kr_1020200036687,0,0,0,0,0,
kr_1020200042810,0,1,0,4,1,§2×4
kr_1020200056430,0,1,0,2,1,§2×2
kr_1020200059438,0,0,0,0,0,
kr_1020200063952,0,1,0,2,1,§2×2
kr_1020200072226,0,0,0,0,0,
kr_1020200072888,0,0,0,0,0,
kr_1020200102427,0,1,0,3,1,§2×3
kr_1020200104031,0,0,0,0,0,
kr_1020200108773,0,1,0,3,1,§2×3
kr_1020200112567,0,0,0,0,0,
kr_1020200120010,0,1,0,2,1,§2×2
kr_1020200128163,0,1,0,2,1,§2×2
kr_1020200137710,0,1,0,2,1,§2×2
kr_1020200139297,0,0,0,0,0,
kr_1020200139988,0,1,0,2,1,§2×2
kr_1020200151519,0,0,0,0,0,
kr_1020200157687,0,1,0,2,1,§2×2
kr_1020200161939,0,1,0,4,1,§2×4
kr_1020200168702,0,1,0,2,1,§2×2
kr_1020200171312,0,0,0,0,0,
kr_1020200172939,0,0,0,0,0,
kr_1020200177277,0,0,0,0,0,
kr_1020200178278,0,0,0,0,0,
kr_1020200178933,0,1,0,3,1,§2×3
kr_1020200181250,0,0,0,0,1,
kr_1020200184413,0,1,0,2,1,§2×2
kr_1020207004337,0,0,0,0,0,
kr_1020207008637,0,0,0,0,0,
kr_1020207009231,0,1,0,3,1,§2×3
kr_1020207019867,0,0,0,0,0,
kr_1020207020459,0,1,0,2,1,§2×2
kr_1020207025987,0,0,0,0,0,
kr_1020207030080,0,1,0,2,1,§2×2
kr_1020207030483,0,1,0,3,1,§2×3
kr_1020207031638,0,1,0,3,1,§2×3
kr_1020207031663,0,1,0,3,1,§2×3
kr_1020207032427,0,0,0,0,0,
kr_1020210014380,0,1,0,3,1,§2×3
kr_1020210016121,0,0,0,0,0,
kr_1020210016843,0,0,0,0,0,
kr_1020210025405,0,0,0,0,0,
kr_1020210027559,0,1,0,2,1,§2×2
kr_1020210032157,0,1,0,3,1,§2×3
kr_1020210036702,0,1,0,6,1,§2×6
kr_1020210047896,0,0,0,0,0,
kr_1020210052409,0,0,0,0,0,
kr_1020210060607,0,1,0,3,1,§2×3
kr_1020210061196,0,0,0,0,0,
kr_1020210061355,1,1,1,4,1,§2×4|§1×1
kr_1020210062496,0,1,0,2,1,§2×2
kr_1020210070651,0,0,0,0,0,
kr_1020210070764,0,0,0,0,0,
kr_1020210080570,0,0,0,0,1,
kr_1020210083421,0,1,0,4,1,§2×4
kr_1020210088952,0,1,0,4,1,§2×4
kr_1020210093185,0,0,0,0,0,
kr_1020210093636,0,1,0,3,1,§2×3
kr_1020210095718,0,1,0,3,1,§2×3
kr_1020210095844,0,1,0,3,1,§2×3
kr_1020210107301,0,1,0,3,1,§2×3
kr_1020210110925,0,1,0,3,1,§2×3
kr_1020210116713,0,1,0,3,1,§2×3
kr_1020210119619,0,1,0,2,1,§2×2
kr_1020210130288,0,1,0,4,1,§2×4
kr_1020210133766,0,1,0,2,1,§2×2
kr_1020210138966,0,1,0,4,1,§2×4
kr_1020210140518,0,1,0,3,1,§2×3
kr_1020210143248,0,0,0,0,0,
kr_1020210146505,0,0,0,0,0,
kr_1020210147975,0,0,0,0,0,
kr_1020210152113,0,1,0,2,1,§2×2
kr_1020210155157,0,0,0,0,0,
kr_1020210161493,0,0,0,0,0,
kr_1020210165398,0,1,0,3,1,§2×3
kr_1020210177792,0,0,0,0,0,
kr_1020210182856,0,0,0,0,0,
kr_1020210184131,0,1,0,3,1,§2×3
kr_1020210185330,0,1,0,2,1,§2×2
kr_1020210185331,0,0,0,0,0,
kr_1020210189544,0,0,0,0,0,
kr_1020210191944,0,0,0,0,0,
kr_1020217000822,0,0,0,0,0,
kr_1020217001907,1,1,1,4,1,§2×4|§1×1
kr_1020217006655,0,0,0,0,0,
kr_1020217007469,0,0,0,0,0,
kr_1020217008043,0,0,0,0,0,
kr_1020217010871,0,0,0,0,0,
kr_1020217013598,0,1,0,2,1,§2×2
kr_1020217016227,0,1,0,4,1,§2×4
kr_1020217016432,0,1,0,3,1,§2×3
kr_1020217018197,0,0,0,0,0,
kr_1020217020635,0,0,0,0,0,
kr_1020217028896,0,0,0,0,0,
kr_1020217039099,0,0,0,0,0,
kr_1020220000603,0,1,0,4,1,§2×4
kr_1020220007101,0,1,0,6,1,§2×6
kr_1020220016306,0,1,0,2,1,§2×2
kr_1020220022728,0,1,0,2,1,§2×2
kr_1020220028713,0,1,0,3,1,§2×3
kr_1020220029544,0,1,0,3,1,§2×3
kr_1020220032801,0,1,0,4,1,§2×4
kr_1020220035211,0,0,0,0,0,
kr_1020220040228,0,0,0,0,0,
kr_1020220040319,0,0,0,0,0,
kr_1020220049545,0,1,0,3,1,§2×3
kr_1020220051409,0,1,0,3,1,§2×3
kr_1020220054432,0,0,0,0,0,
kr_1020220058952,0,0,0,0,0,
kr_1020220064047,0,1,0,2,1,§2×2
kr_1020220068598,0,0,0,0,0,
kr_1020220070200,0,1,0,3,1,§2×3
kr_1020220070973,0,0,0,0,0,
kr_1020220071830,0,0,0,0,1,
kr_1020220078082,0,1,0,2,1,§2×2
kr_1020220081522,0,0,0,0,0,
kr_1020220082912,0,0,0,0,0,
kr_1020220088448,0,1,0,2,1,§2×2
kr_1020220088487,0,1,0,2,1,§2×2
kr_1020220090397,0,1,0,3,1,§2×3
kr_1020220093814,0,1,0,2,1,§2×2
kr_1020220094842,0,0,0,0,0,
kr_1020220096718,0,1,0,2,1,§2×2
kr_1020220102892,0,1,0,3,1,§2×3
kr_1020220105089,0,1,0,3,1,§2×3
kr_1020220108141,0,0,0,0,0,
kr_1020220108217,0,0,0,0,0,
kr_1020220109139,0,1,0,2,1,§2×2
kr_1020220116516,0,0,0,0,0,
kr_1020220124154,0,0,0,0,0,
kr_1020220125423,0,1,0,2,1,§2×2
kr_1020220126988,0,1,0,2,1,§2×2
kr_1020220127403,0,1,0,3,1,§2×3
kr_1020220129293,0,1,0,2,1,§2×2
kr_1020220132224,0,0,0,0,0,
kr_1020220136797,0,0,0,0,0,
kr_1020220138139,0,0,0,0,0,
kr_1020220140239,0,0,0,0,0,
kr_1020220141666,0,0,0,0,0,
kr_1020220149234,0,0,0,0,0,
kr_1020220151527,0,1,0,2,1,§2×2
kr_1020220153565,0,1,0,4,1,§2×4
kr_1020220159155,0,1,0,2,1,§2×2
kr_1020220159439,1,1,3,3,1,§1×3|§2×3
kr_1020220159949,0,0,0,0,0,
kr_1020220162358,0,1,0,4,1,§2×4
kr_1020220165419,0,1,0,3,1,§2×3
kr_1020220168603,0,0,0,0,0,
kr_1020220174995,0,1,0,6,1,§2×6
kr_1020220178832,0,1,0,4,1,§2×4
kr_1020220181032,0,1,0,3,1,§2×3
kr_1020220184198,0,0,0,0,0,
kr_1020220186973,0,0,0,0,0,
kr_1020227000243,0,1,0,3,1,§2×3
kr_1020227002678,0,0,0,0,0,
kr_1020227005491,0,1,0,2,1,§2×2
kr_1020227007112,0,0,0,0,0,
kr_1020227008278,0,0,0,0,0,
kr_1020227011425,0,0,0,0,0,
kr_1020227013143,0,0,0,0,0,
kr_1020227013596,0,1,0,3,1,§2×3
kr_1020227018923,0,1,0,2,1,§2×2
kr_1020227018924,0,1,0,2,1,§2×2
kr_1020227019461,0,0,0,0,0,
kr_1020227020192,1,1,2,2,1,§1×2|§2×2
kr_1020227020206,0,0,0,0,0,
kr_1020227020208,0,0,0,0,0,
kr_1020227021807,0,1,0,4,1,§2×4
kr_1020227026505,0,0,0,0,0,
kr_1020227026989,0,0,0,0,0,
kr_1020227033504,0,1,0,5,1,§2×5
kr_1020227033671,0,1,0,2,1,§2×2
kr_1020227045907,0,0,0,0,0,
kr_1020227046130,0,0,0,0,1,
kr_1020230002916,0,1,0,2,1,§2×2
kr_1020230004768,0,1,0,2,1,§2×2
kr_1020230016301,0,0,0,0,0,
kr_1020230016534,0,0,0,0,0,
kr_1020230018953,0,0,0,0,0,
kr_1020230020235,0,0,0,0,0,
kr_1020230022864,0,0,0,0,0,
kr_1020230026883,0,0,0,0,0,
kr_1020230029510,0,0,0,0,1,
kr_1020230029864,1,1,1,5,1,§2×5|§1×1
kr_1020230031770,0,0,0,0,1,
kr_1020230033862,0,0,0,0,0,
kr_1020230035783,0,0,0,0,0,
kr_1020230040434,0,0,0,0,0,
kr_1020230041154,0,0,0,0,0,
kr_1020230042365,0,1,0,4,1,§2×4
kr_1020230042595,0,0,0,0,0,
kr_1020230048661,0,0,0,0,0,
kr_1020230049774,0,0,0,0,0,
kr_1020230052756,0,1,0,3,1,§2×3
kr_1020230053273,0,0,0,0,0,
kr_1020230057845,0,0,0,0,1,
kr_1020230062221,0,1,0,2,1,§2×2
kr_1020230067050,0,0,0,0,0,
kr_1020230075365,0,1,0,3,1,§2×3
kr_1020230076349,0,0,0,0,0,
kr_1020230077383,0,0,0,0,0,
kr_1020230079681,0,1,0,2,1,§2×2
kr_1020230079932,0,0,0,0,0,
kr_1020230082032,0,1,0,3,1,§2×3
kr_1020230084204,0,0,0,0,0,
kr_1020230090842,0,0,0,0,0,
kr_1020230091931,0,0,0,0,0,
kr_1020230097348,0,0,0,0,0,
kr_1020230097427,0,0,0,0,0,
kr_1020230098794,0,0,0,0,0,
kr_1020230098927,0,0,0,0,0,
kr_1020230099012,0,0,0,0,0,
kr_1020230103673,0,0,0,0,0,
kr_1020230112734,0,0,0,0,0,
kr_1020230113502,0,0,0,0,0,
kr_1020230116334,0,0,0,0,0,
kr_1020230117117,0,0,0,0,0,
kr_1020230119422,0,0,0,0,0,
kr_1020230125209,0,0,0,0,0,
kr_1020230126394,0,0,0,0,0,
kr_1020230126396,0,1,0,2,1,§2×2
kr_1020230130266,0,0,0,0,0,
kr_1020230132220,0,1,0,2,1,§2×2
kr_1020230135039,0,0,0,0,0,
kr_1020230137917,0,0,0,0,0,
kr_1020230142437,0,1,0,3,1,§2×3
kr_1020230144640,0,1,0,2,1,§2×2
kr_1020230144997,0,0,0,0,0,
kr_1020230148033,0,1,0,2,1,§2×2
kr_1020230154619,0,0,0,0,0,
kr_1020230156865,0,0,0,0,0,
kr_1020230157583,0,1,0,3,1,§2×3
kr_1020230157930,0,1,0,3,1,§2×3
kr_1020230159246,0,0,0,0,0,
kr_1020230160107,0,0,0,0,0,
kr_1020230165016,0,0,0,0,0,
kr_1020230169126,0,0,0,0,0,
kr_1020230169844,0,1,0,2,1,§2×2
kr_1020230170635,0,1,0,3,1,§2×3
kr_1020230171131,0,0,0,0,0,
kr_1020230172792,0,0,0,0,0,
kr_1020230182252,0,0,0,0,0,
kr_1020230182264,0,0,0,0,0,
kr_1020237004782,0,0,0,0,0,
kr_1020237006884,0,0,0,0,0,
kr_1020237007317,0,0,0,0,0,
kr_1020237011834,0,1,0,3,1,§2×3
kr_1020237011836,0,1,0,3,1,§2×3
kr_1020237019504,0,1,0,6,1,§2×6
kr_1020237024637,0,0,0,0,0,
kr_1020237025134,0,0,0,0,0,
kr_1020237033439,0,1,0,3,1,§2×3
kr_1020237038547,0,1,0,3,1,§2×3
kr_1020237038835,0,0,0,0,0,
kr_1020237039162,0,0,0,0,0,
kr_1020237042183,0,0,0,0,0,
kr_1020237043405,0,0,0,0,0,
kr_1020237043941,0,0,0,0,0,
kr_1020237044302,0,0,0,0,0,
kr_1020240000644,0,0,0,0,0,
kr_1020240000652,0,0,0,0,0,
kr_1020240005914,0,0,0,0,0,
kr_1020240015845,0,0,0,0,0,
kr_1020240017286,0,0,0,0,0,
kr_1020240025544,0,0,0,0,0,
kr_1020240031783,0,0,0,0,0,
kr_1020240033495,0,0,0,0,0,
kr_1020240033684,0,0,0,0,0,
kr_1020240043473,0,1,0,2,1,§2×2
kr_1020240044126,0,0,0,0,0,
kr_1020240046000,0,1,0,2,1,§2×2
kr_1020240054540,0,0,0,0,0,
kr_1020240055852,0,0,0,0,0,
kr_1020240058966,0,0,0,0,0,
kr_1020240064595,0,0,0,0,0,
kr_1020240065248,0,1,0,3,1,§2×3
kr_1020240069903,0,0,0,0,0,
kr_1020240071155,0,0,0,0,0,
kr_1020240075348,0,1,0,2,1,§2×2
kr_1020240086074,0,0,0,0,0,
kr_1020240094353,0,0,0,0,0,
kr_1020240094354,0,0,0,0,0,
kr_1020240101083,0,0,0,0,0,
kr_1020240117203,0,0,0,0,0,
kr_1020240125457,0,0,0,0,0,
kr_1020240144922,0,0,0,0,0,
kr_1020240145293,0,0,0,0,0,
kr_1020240147227,0,0,0,0,0,
kr_1020240159937,0,1,0,2,1,§2×2
kr_1020240179836,0,0,0,0,0,
kr_1020240191295,0,0,0,0,0,
kr_1020247003070,0,0,0,0,1,
kr_1020247005317,0,0,0,0,0,
kr_1020247007967,0,1,0,3,1,§2×3
kr_1020247011010,0,1,0,2,1,§2×2
kr_1020247018636,0,1,0,2,1,§2×2
kr_1020247029100,1,1,3,3,1,§1×3|§2×3
kr_1020250052273,0,0,0,0,0,
kr_1020257006681,0,0,0,0,0,
kr_1020257012412,0,0,0,0,0,
kr_1020257021972,0,0,0,0,0,
